"ID","betweenness","info","count","community"
"Wachbroit R",0.0,"Wachbroit R",1,0
"Dennett Dc",0.0,"Dennett Dc",1,1
"Berent P",0.0,"Berent P",1,2
"Bishop Ma",0.0,"Bishop Ma",2,3
"Bunge M",0.002,"Bunge M",9,4
"Rothbart D",0.0,"Rothbart D",1,5
"Lugg A",0.002,"Lugg A",3,1
"Crupi V",0.0,"Crupi V",9,6
"Barnes E",0.0,"Barnes E",3,7
"Forge J",0.0,"Forge J",2,8
"Pinnick Cl",0.0,"Pinnick Cl",3,9
"Faber Rj",0.0,"Faber Rj",1,123
"Huttegger Sm",0.0,"Huttegger Sm",5,6
"Swanson Jw",0.0,"Swanson Jw",1,10
"Richardson Rc",0.001,"Richardson Rc",18,11
"Gaa J",0.0,"Gaa J",2,9
"Shelley C",0.0,"Shelley C",1,12
"Needham R",0.0,"Needham R",3,13
"Helgeson C",0.0,"Helgeson C",1,0
"Morgan Ms",0.0,"Morgan Ms",2,14
"Beard Rw",0.0,"Beard Rw",1,15
"Foss J",0.004,"Foss J",5,16
"Zabell Sl",0.0,"Zabell Sl",2,6
"Hale Sc",0.0,"Hale Sc",1,17
"Staley Kw",0.01,"Staley Kw",9,3
"Redei M",0.0,"Redei M",2,18
"Wilson Ra",0.003,"Wilson Ra",8,8
"Mackinnon E",0.0,"Mackinnon E",6,16
"Papineau D",0.0,"Papineau D",3,16
"Finch Ha",0.0,"Finch Ha",1,6
"Brown Mj",0.0,"Brown Mj",1,9
"Brown Jr",0.0,"Brown Jr",4,3
"Bogen J",0.0,"Bogen J",4,11
"Butterfield J",0.0,"Butterfield J",3,18
"Mulaik Sa",0.004,"Mulaik Sa",3,1
"Weingard R",0.0,"Weingard R",2,61
"Shapiro La",0.0,"Shapiro La",2,11
"Mikkelson Gm",0.0,"Mikkelson Gm",3,8
"Healey Ra",0.0,"Healey Ra",1,22
"Myers Cm",0.0,"Myers Cm",1,23
"Jackson F",0.002,"Jackson F",8,7
"Freistadt H",0.0,"Freistadt H",1,24
"Hardcastle Vg",0.0,"Hardcastle Vg",4,11
"Wheatley Jmo",0.0,"Wheatley Jmo",3,25
"Rescher N",0.01,"Rescher N",10,6
"Cupples B",0.001,"Cupples B",4,4
"Crasnow Sl",0.0,"Crasnow Sl",1,26
"Snyder Lj",0.002,"Snyder Lj",2,16
"Bub J",0.0,"Bub J",1,27
"Clarke Cjs",0.0,"Clarke Cjs",1,28
"Smeenk C",0.0,"Smeenk C",1,14
"Sullivan Ja",0.0,"Sullivan Ja",1,8
"Amundson R",0.001,"Amundson R",9,26
"Northcott R",0.0,"Northcott R",2,26
"Gutting G",0.0,"Gutting G",1,29
"Mccall S",0.0,"Mccall S",1,16
"Cassidy J",0.0,"Cassidy J",3,8
"Beauregard La",0.0,"Beauregard La",2,7
"Stufflebeam Rs",0.0,"Stufflebeam Rs",1,30
"Mccarthy T",0.0,"Mccarthy T",1,4
"Schroederheister P",0.0,"Schroederheister P",1,31
"Douglas He",0.0,"Douglas He",3,11
"Shraderfrechette K",0.0,"Shraderfrechette K",2,16
"Mormann T",0.0,"Mormann T",1,3
"Torretti R",0.0,"Torretti R",1,7
"Glennan Ss",0.0,"Glennan Ss",3,7
"Butler K",0.0,"Butler K",1,0
"Hull Dl",0.008,"Hull Dl",49,8
"Fumerton Ra",0.0,"Fumerton Ra",1,16
"Vanderschraaf P",0.0,"Vanderschraaf P",1,6
"Hattiangjn",0.0,"Hattiangjn",1,32
"Vanfraassen Bc",0.002,"Vanfraassen Bc",5,6
"Chemero A",0.0,"Chemero A",5,11
"Goodman N",0.0,"Goodman N",2,4
"Hemmo M",0.001,"Hemmo M",3,3
"Van Fraassen Bc",0.001,"Van Fraassen Bc",3,14
"Reisch Ga",0.004,"Reisch Ga",2,4
"Vollmer Sh",0.0,"Vollmer Sh",1,34
"Klee Rl",0.0,"Klee Rl",3,3
"Strevens M",0.0,"Strevens M",1,8
"Kincaid H",0.006,"Kincaid H",9,11
"Martin Rm",0.0,"Martin Rm",1,35
"Bouchard F",0.0,"Bouchard F",1,8
"Pearce D",0.0,"Pearce D",1,36
"Barnette Rl",0.0,"Barnette Rl",3,37
"Hardin Cl",0.001,"Hardin Cl",10,16
"Spencer Q",0.0,"Spencer Q",1,8
"Zangari M",0.0,"Zangari M",1,88
"Shimony A",0.0,"Shimony A",1,6
"Allen C",0.0,"Allen C",1,0
"Belousek Dw",0.0,"Belousek Dw",1,38
"Huttemann A",0.0,"Huttemann A",1,3
"Niiniluoto I",0.001,"Niiniluoto I",3,16
"Kennedy Jb",0.0,"Kennedy Jb",1,3
"Fleming Gn",0.0,"Fleming Gn",2,39
"Balashov Y",0.0,"Balashov Y",1,77
"Brody Ba",0.002,"Brody Ba",4,4
"Goosens Wk",0.0,"Goosens Wk",2,8
"Batterman Rw",0.013,"Batterman Rw",12,3
"Stamos Dn",0.0,"Stamos Dn",5,26
"Andersen H",0.0,"Andersen H",3,4
"Wheeler Gr",0.0,"Wheeler Gr",1,6
"Chen X",0.0,"Chen X",2,16
"Rosenkrantz Rd",0.0,"Rosenkrantz Rd",1,6
"Hodge Mjs",0.0,"Hodge Mjs",1,40
"Hands Dw",0.0,"Hands Dw",2,41
"Carlson R",0.0,"Carlson R",1,42
"Michalos Ac",0.0,"Michalos Ac",3,43
"Cummins R",0.0,"Cummins R",2,11
"Holsinger Ke",0.0,"Holsinger Ke",4,8
"Rietdijk Cw",0.0,"Rietdijk Cw",10,7
"Buck Rc",0.0,"Buck Rc",6,7
"Shafer G",0.0,"Shafer G",1,6
"Belot G",0.003,"Belot G",7,3
"Gibbins P",0.0,"Gibbins P",2,27
"Dupre J",0.0,"Dupre J",1,1
"Glymour C",0.014,"Glymour C",26,14
"Recker Da",0.001,"Recker Da",3,8
"Humphreys Wc",0.0,"Humphreys Wc",2,7
"Stidd Bm",0.0,"Stidd Bm",1,9
"Barnes Ja",0.0,"Barnes Ja",2,13
"Luce Rd",0.0,"Luce Rd",5,4
"Suppe F",0.007,"Suppe F",8,9
"Shanahan T",0.0,"Shanahan T",1,6
"Schurz G",0.0,"Schurz G",2,44
"Okasha S",0.0,"Okasha S",4,8
"Vetterling Mk",0.0,"Vetterling Mk",1,7
"Fodor J",0.002,"Fodor J",9,45
"Veatch H",0.0,"Veatch H",1,46
"Lipton P",0.0,"Lipton P",3,9
"Griesemer J",0.003,"Griesemer J",8,8
"Weston T",0.0,"Weston T",1,16
"Darden L",0.011,"Darden L",25,11
"Bradley R",0.0,"Bradley R",2,6
"Boyd R",0.0,"Boyd R",1,8
"Hoy Rc",0.0,"Hoy Rc",2,19
"Domski M",0.0,"Domski M",1,47
"Tabery Jg",0.0,"Tabery Jg",7,11
"Bigelow J",0.001,"Bigelow J",4,7
"Stanford Pk",0.003,"Stanford Pk",10,8
"Domotor Z",0.0,"Domotor Z",1,6
"Leonard Hs",0.0,"Leonard Hs",3,25
"Gilbert Sf",0.0,"Gilbert Sf",1,11
"Enc B",0.001,"Enc B",4,0
"Curiel E",0.0,"Curiel E",4,48
"Thompson Jw",0.0,"Thompson Jw",1,16
"Frankel H",0.0,"Frankel H",3,49
"Dietrich Mr",0.0,"Dietrich Mr",2,26
"Brown Pm",0.001,"Brown Pm",3,6
"Hilpinen R",0.0,"Hilpinen R",1,43
"Laudan L",0.074,"Laudan L",63,16
"Kekes J",0.0,"Kekes J",1,50
"Weber M",0.0,"Weber M",9,26
"North J",0.0,"North J",1,51
"Simon Ha",0.003,"Simon Ha",5,1
"Santana C",0.0,"Santana C",1,52
"Bandyopadhayay Ps",0.0,"Bandyopadhayay Ps",2,1
"Hochberg H",0.0,"Hochberg H",2,49
"Ruetsche L",0.006,"Ruetsche L",8,14
"Koertge N",0.004,"Koertge N",2,7
"Wassermann Gd",0.0,"Wassermann Gd",1,8
"Grimes Tr",0.0,"Grimes Tr",2,1
"Nelson Rj",0.0,"Nelson Rj",2,53
"Thomson-Jones M",0.0,"Thomson-Jones M",2,3
"Nelson A",0.0,"Nelson A",2,8
"Stevensocl",0.0,"Stevensocl",1,54
"Humphreys P",0.014,"Humphreys P",19,3
"Mundy B",0.0,"Mundy B",3,64
"Howard D",0.0,"Howard D",2,55
"Mcknight Jl",0.0,"Mcknight Jl",7,27
"Hudson Rg",0.0,"Hudson Rg",2,3
"Urbach P",0.002,"Urbach P",4,3
"Lewis D",0.0,"Lewis D",3,42
"Rohwer Y",0.0,"Rohwer Y",1,11
"Bangu S",0.0,"Bangu S",3,3
"Silberstein M",0.0,"Silberstein M",1,11
"Rohrlich F",0.001,"Rohrlich F",3,3
"Elliott Kc",0.001,"Elliott Kc",5,9
"Sober E",0.09,"Sober E",102,8
"Schaffer J",0.0,"Schaffer J",1,11
"Kordig Cr",0.011,"Kordig Cr",6,32
"Williams Mb",0.002,"Williams Mb",7,26
"Alexander Jm",0.001,"Alexander Jm",5,6
"Blachowicz J",0.0,"Blachowicz J",1,6
"Dretske Fi",0.006,"Dretske Fi",14,8
"Kent W",0.0,"Kent W",1,8
"Herron T",0.0,"Herron T",1,56
"Milne P",0.002,"Milne P",13,6
"Butts Re",0.0,"Butts Re",4,7
"Durand L",0.0,"Durand L",3,27
"Harper W",0.0,"Harper W",2,84
"Perini L",0.007,"Perini L",5,1
"Stairs A",0.0,"Stairs A",4,27
"Norton J",0.0,"Norton J",1,3
"Kadane Jb",0.0,"Kadane Jb",2,6
"Brewer Wf",0.0,"Brewer Wf",1,3
"Von Eckardt B",0.0,"Von Eckardt B",1,11
"Cocchiarella N",0.0,"Cocchiarella N",2,8
"Gasper P",0.0,"Gasper P",1,8
"Doring F",0.0,"Doring F",2,6
"Wilson F",0.0,"Wilson F",1,49
"Fodor Ja",0.0,"Fodor Ja",6,45
"Gardenfors P",0.0,"Gardenfors P",1,7
"Utz S",0.0,"Utz S",1,58
"Rothstein J",0.0,"Rothstein J",2,59
"Carey S",0.0,"Carey S",1,9
"Stotz K",0.0,"Stotz K",2,8
"Whitbeck C",0.0,"Whitbeck C",1,60
"Votsis I",0.0,"Votsis I",2,16
"Salmon Wc",0.043,"Salmon Wc",40,7
"Heelan Pa",0.0,"Heelan Pa",1,14
"Malament Db",0.002,"Malament Db",9,3
"Saatsi J",0.0,"Saatsi J",1,8
"Fahrbach L",0.0,"Fahrbach L",1,16
"Gardner Mr",0.003,"Gardner Mr",6,14
"Reisman K",0.002,"Reisman K",10,26
"Otte R",0.0,"Otte R",4,1
"Schwartz J",0.0,"Schwartz J",2,62
"Wimsatt Wc",0.005,"Wimsatt Wc",9,11
"Leeds S",0.011,"Leeds S",10,3
"Nissen L",0.0,"Nissen L",1,0
"Slater Mh",0.0,"Slater Mh",2,8
"Zollman Kjs",0.002,"Zollman Kjs",6,6
"Nute D",0.0,"Nute D",1,63
"Wagner Cg",0.001,"Wagner Cg",6,6
"Lavis Da",0.0,"Lavis Da",1,3
"Smith Jw",0.0,"Smith Jw",3,49
"Chalmers A",0.001,"Chalmers A",3,3
"Huggett N",0.001,"Huggett N",6,14
"Ringen J",0.0,"Ringen J",1,0
"Eells E",0.007,"Eells E",23,1
"Bolker Ed",0.0,"Bolker Ed",4,9
"Leonelli S",0.0,"Leonelli S",1,14
"Girill Tr",0.0,"Girill Tr",2,3
"Jones T",0.0,"Jones T",1,7
"Marley Aaj",0.0,"Marley Aaj",1,65
"Hughes Rig",0.003,"Hughes Rig",7,14
"Shapere D",0.007,"Shapere D",32,16
"Walsh Ht",0.0,"Walsh Ht",1,66
"Railton P",0.006,"Railton P",8,7
"Krause Ms",0.0,"Krause Ms",1,67
"Mallon R",0.001,"Mallon R",2,8
"Greenwood Jd",0.002,"Greenwood Jd",5,45
"Teller P",0.008,"Teller P",12,27
"Wolfson Rj",0.0,"Wolfson Rj",1,14
"Stern C",0.0,"Stern C",1,68
"Rudner R",0.001,"Rudner R",6,4
"Barrett R",0.0,"Barrett R",1,32
"Agassi J",0.0,"Agassi J",1,3
"Cushing Jt",0.0,"Cushing Jt",4,16
"Lacey Hm",0.0,"Lacey Hm",2,7
"Handy R",0.0,"Handy R",1,121
"Klein C",0.002,"Klein C",2,8
"Cunningham B",0.0,"Cunningham B",1,69
"Lauter Ha",0.0,"Lauter Ha",2,4
"Schoeman F",0.0,"Schoeman F",1,70
"Vollmer S",0.0,"Vollmer S",1,16
"Pigliucci M",0.003,"Pigliucci M",5,8
"Barros Db",0.0,"Barros Db",2,11
"Cartwright N",0.005,"Cartwright N",4,14
"Muller Fa",0.006,"Muller Fa",6,16
"Resnik Db",0.0,"Resnik Db",1,16
"Bovens L",0.0,"Bovens L",2,6
"Skipper Ra",0.0,"Skipper Ra",4,26
"Boland La",0.0,"Boland La",1,71
"Melnyk A",0.0,"Melnyk A",1,68
"Cooper G",0.0,"Cooper G",2,8
"Kitchener Rf",0.0,"Kitchener Rf",1,72
"De Langhey R",0.0,"De Langhey R",2,6
"Falmagne Jc",0.0,"Falmagne Jc",1,73
"Ghiselin Mt",0.0,"Ghiselin Mt",1,74
"Wilks Y",0.0,"Wilks Y",1,75
"Hagar A",0.0,"Hagar A",1,76
"Tuomela R",0.0,"Tuomela R",1,11
"Downes Sm",0.0,"Downes Sm",1,9
"Eberhardt F",0.0,"Eberhardt F",1,11
"Intemann K",0.0,"Intemann K",3,9
"Rueger A",0.0,"Rueger A",1,3
"Brandon Rn",0.007,"Brandon Rn",24,26
"Spielman S",0.0,"Spielman S",3,42
"Stegenga J",0.0,"Stegenga J",1,3
"Griffiths Pe",0.008,"Griffiths Pe",21,0
"Brown Hi",0.0,"Brown Hi",2,78
"Sesardic N",0.0,"Sesardic N",3,79
"Jobe Ek",0.005,"Jobe Ek",8,4
"Hockney D",0.0,"Hockney D",1,80
"Kitcher P",0.092,"Kitcher P",78,8
"Kegley Cw",0.0,"Kegley Cw",1,100
"Lange M",0.0,"Lange M",1,6
"Hentschel K",0.0,"Hentschel K",1,81
"Graves L",0.0,"Graves L",11,26
"Douglas H",0.005,"Douglas H",12,9
"Lehman H",0.002,"Lehman H",8,8
"Bandyopadhyay Ps",0.0,"Bandyopadhyay Ps",1,1
"Erwin E",0.0,"Erwin E",2,45
"Kaplan D",0.009,"Kaplan D",13,4
"Rynasiewicz R",0.002,"Rynasiewicz R",2,3
"Godfrey-Smith P",0.001,"Godfrey-Smith P",15,0
"Frigg R",0.002,"Frigg R",5,3
"Thagard P",0.006,"Thagard P",7,11
"Hesse M",0.0,"Hesse M",3,6
"Enfield P",0.0,"Enfield P",2,16
"Moss L",0.0,"Moss L",1,82
"Morton P",0.0,"Morton P",1,11
"Van Orden Gc",0.0,"Van Orden Gc",1,83
"Bokulich A",0.0,"Bokulich A",3,8
"Arageorgis A",0.0,"Arageorgis A",1,14
"Lloyd Ea",0.017,"Lloyd Ea",17,8
"Vanderburgh Wl",0.0,"Vanderburgh Wl",1,84
"Dequeiroz K",0.0,"Dequeiroz K",1,6
"Andreasen Ro",0.0,"Andreasen Ro",1,8
"De Vignemont F",0.0,"De Vignemont F",1,85
"Worrall J",0.001,"Worrall J",2,16
"Neander K",0.015,"Neander K",16,0
"Schefflei",0.002,"Schefflei",3,32
"Harre R",0.0,"Harre R",1,49
"Machamer P",0.037,"Machamer P",60,11
"Kyburg He",0.001,"Kyburg He",3,9
"Angel Rb",0.0,"Angel Rb",2,6
"Achinstein P",0.006,"Achinstein P",12,3
"Spanos A",0.001,"Spanos A",5,6
"Good Ij",0.0,"Good Ij",3,6
"Needham P",0.0,"Needham P",4,86
"Janis Ai",0.0,"Janis Ai",2,7
"Richards Rj",0.0,"Richards Rj",1,87
"Arntzenius F",0.001,"Arntzenius F",2,3
"Giere Rn",0.044,"Giere Rn",25,9
"Sharp Wd",0.0,"Sharp Wd",2,27
"Seidenfeld T",0.0,"Seidenfeld T",6,6
"Meehl Pe",0.0,"Meehl Pe",5,4
"Haug Mc",0.0,"Haug Mc",3,26
"Vanfraasbc",0.026,"Vanfraasbc",16,14
"Moor Jh",0.0,"Moor Jh",2,4
"Keller Ef",0.0,"Keller Ef",1,9
"Bueno O",0.0,"Bueno O",2,14
"Dieks D",0.0,"Dieks D",2,7
"Lacey H",0.0,"Lacey H",2,9
"Coleman Ka",0.0,"Coleman Ka",1,8
"Thorpe Da",0.0,"Thorpe Da",3,4
"Callender C",0.0,"Callender C",1,3
"Schupbach Jn",0.0,"Schupbach Jn",3,6
"Juhl C",0.0,"Juhl C",2,9
"Wright L",0.002,"Wright L",11,0
"Foss L",0.0,"Foss L",2,19
"Hawthorne J",0.0,"Hawthorne J",5,6
"Barker Mj",0.001,"Barker Mj",4,8
"Jack H",0.0,"Jack H",2,49
"Svetlichny G",0.0,"Svetlichny G",1,89
"Bedard K",0.0,"Bedard K",2,14
"Justus J",0.0,"Justus J",1,8
"Frankel C",0.0,"Frankel C",1,90
"Temple D",0.0,"Temple D",2,9
"Levi I",0.008,"Levi I",16,9
"Dawid R",0.0,"Dawid R",1,102
"Oreskes N",0.0,"Oreskes N",1,3
"George Ra",0.0,"George Ra",1,92
"Endicott R",0.0,"Endicott R",2,3
"Miettinesk",0.0,"Miettinesk",2,4
"Levin Me",0.0,"Levin Me",3,68
"Newman Dv",0.001,"Newman Dv",3,3
"Dingle H",0.0,"Dingle H",1,93
"Hintikka J",0.0,"Hintikka J",1,94
"Coffa Ja",0.0,"Coffa Ja",1,7
"Bokulich P",0.0,"Bokulich P",1,95
"Uffink J",0.0,"Uffink J",1,8
"Musgrave A",0.0,"Musgrave A",1,96
"Fitelson B",0.012,"Fitelson B",33,6
"Gendler Ts",0.0,"Gendler Ts",2,3
"Ungar A",0.0,"Ungar A",1,7
"Ariew A",0.0,"Ariew A",1,11
"Bickle J",0.0,"Bickle J",1,11
"Davey K",0.0,"Davey K",2,3
"Piccinini G",0.0,"Piccinini G",2,97
"Minogue Bp",0.0,"Minogue Bp",2,14
"Kahane H",0.0,"Kahane H",2,98
"Tornebohm H",0.0,"Tornebohm H",1,4
"Muldoon R",0.0,"Muldoon R",4,3
"Nathan A",0.0,"Nathan A",1,99
"Sarkar S",0.0,"Sarkar S",6,0
"Kronz Fm",0.0,"Kronz Fm",5,3
"Harris T",0.0,"Harris T",2,3
"Mermin Nd",0.0,"Mermin Nd",1,27
"Greeno Jg",0.0,"Greeno Jg",2,101
"Grantham Ta",0.004,"Grantham Ta",3,26
"Erlichson H",0.0,"Erlichson H",1,14
"Doppelt G",0.002,"Doppelt G",7,16
"Merrill Gh",0.0,"Merrill Gh",5,14
"Woller R",0.0,"Woller R",1,49
"Krips H",0.0,"Krips H",1,103
"Parker Ws",0.003,"Parker Ws",5,3
"Van Dyck M",0.0,"Van Dyck M",1,104
"Contessa G",0.002,"Contessa G",2,3
"Mcevoy Jg",0.0,"Mcevoy Jg",1,14
"Schaffner Kf",0.026,"Schaffner Kf",40,11
"Zynda L",0.0,"Zynda L",1,6
"Horvath Cd",0.0,"Horvath Cd",1,11
"Stephens C",0.002,"Stephens C",16,26
"Narens L",0.0,"Narens L",1,105
"Hitchcock Cr",0.001,"Hitchcock Cr",6,7
"Delehanty M",0.0,"Delehanty M",1,1
"Burian Rm",0.0,"Burian Rm",3,14
"Millstein Rl",0.0,"Millstein Rl",7,26
"Vandewall H",0.0,"Vandewall H",1,8
"Swinburnrg",0.0,"Swinburnrg",1,4
"Koperski J",0.0,"Koperski J",1,106
"Smith Q",0.0,"Smith Q",4,33
"Healey R",0.001,"Healey R",8,3
"Boumans M",0.0,"Boumans M",1,3
"Myrvold Wc",0.002,"Myrvold Wc",14,6
"Dowe P",0.004,"Dowe P",19,7
"Schagrin Ml",0.0,"Schagrin Ml",3,1
"Shrader Dw",0.0,"Shrader Dw",1,7
"Machery E",0.0,"Machery E",8,8
"Renzi Bg",0.0,"Renzi Bg",1,107
"Vranas Pbm",0.002,"Vranas Pbm",6,3
"Bartha P",0.0,"Bartha P",1,108
"Stegmann Ue",0.0,"Stegmann Ue",3,0
"Vance Re",0.0,"Vance Re",2,11
"Roth Pa",0.0,"Roth Pa",1,32
"Suppes P",0.008,"Suppes P",7,27
"De Regt Hw",0.0,"De Regt Hw",3,11
"Culp S",0.0,"Culp S",4,3
"Schwartz Ph",0.0,"Schwartz Ph",2,0
"Da Costa N",0.002,"Da Costa N",3,9
"Kruse M",0.0,"Kruse M",1,8
"Schlesinger G",0.0,"Schlesinger G",1,4
"Causey Rl",0.0,"Causey Rl",3,4
"Pitt Jc",0.0,"Pitt Jc",1,8
"Suchting Wa",0.0,"Suchting Wa",1,109
"Vineberg S",0.0,"Vineberg S",1,110
"Emmerich Ds",0.0,"Emmerich Ds",1,111
"Sargent Rm",0.0,"Sargent Rm",1,7
"Kutach Dn",0.0,"Kutach Dn",1,7
"Kaiser M",0.0,"Kaiser M",1,16
"Gannett L",0.001,"Gannett L",3,8
"Churchland P",0.0,"Churchland P",2,112
"Graves Jc",0.0,"Graves Jc",1,113
"Vickers P",0.0,"Vickers P",1,16
"Kourany Ja",0.001,"Kourany Ja",8,9
"Hoefer C",0.003,"Hoefer C",7,3
"Edidin A",0.0,"Edidin A",6,14
"Feyerabend Pk",0.004,"Feyerabend Pk",3,27
"Harrah D",0.0,"Harrah D",2,25
"Ellson Dg",0.0,"Ellson Dg",1,20
"Hempel Cg",0.018,"Hempel Cg",13,7
"Root M",0.0,"Root M",7,8
"Puccetti R",0.0,"Puccetti R",1,32
"Ankeny Ra",0.0,"Ankeny Ra",4,11
"Steinle F",0.006,"Steinle F",4,3
"Huber F",0.0,"Huber F",4,6
"Kim S",0.0,"Kim S",4,11
"Dorling J",0.0,"Dorling J",2,7
"Nola R",0.0,"Nola R",2,16
"Forber P",0.0,"Forber P",2,26
"Sklar L",0.025,"Sklar L",15,3
"Schervish Mj",0.0,"Schervish Mj",1,114
"Campbell Dt",0.0,"Campbell Dt",1,32
"Mclaughlin R",0.0,"Mclaughlin R",2,7
"Wilson M",0.0,"Wilson M",1,115
"Mattingly J",0.0,"Mattingly J",1,48
"Porpora Dv",0.0,"Porpora Dv",2,0
"Clendinnen Fj",0.0,"Clendinnen Fj",4,7
"Potochnik A",0.002,"Potochnik A",8,8
"Frisch M",0.001,"Frisch M",4,9
"Caws P",0.011,"Caws P",4,27
"Kulvicki J",0.004,"Kulvicki J",2,1
"Gale G",0.0,"Gale G",1,32
"Eberle Ra",0.0,"Eberle Ra",1,116
"Alston Wp",0.005,"Alston Wp",2,4
"Trout Jd",0.003,"Trout Jd",7,11
"Weatherall Jo",0.0,"Weatherall Jo",2,7
"Maher P",0.009,"Maher P",19,6
"Graves Pr",0.0,"Graves Pr",2,9
"Bergmann G",0.0,"Bergmann G",4,32
"Elby A",0.0,"Elby A",1,117
"Couch Mb",0.0,"Couch Mb",4,11
"Suits B",0.0,"Suits B",1,118
"Splitter Lj",0.0,"Splitter Lj",4,8
"Jantzen B",0.0,"Jantzen B",1,0
"Goldstick D",0.0,"Goldstick D",1,119
"Weirich P",0.0,"Weirich P",1,125
"Henderson L",0.0,"Henderson L",1,120
"Fisk M",0.0,"Fisk M",1,49
"Reiss J",0.0,"Reiss J",2,3
"Averill Ew",0.0,"Averill Ew",1,122
"Rosenbera",0.0,"Rosenbera",2,75
"Ruse M",0.0,"Ruse M",5,0
"Garber D",0.002,"Garber D",4,6
"Acock M",0.0,"Acock M",3,49
"Jammer M",0.0,"Jammer M",1,27
"Allaire Eb",0.0,"Allaire Eb",1,134
"Rosen Da",0.004,"Rosen Da",9,1
"Giannoni C",0.0,"Giannoni C",4,7
"Wayne A",0.002,"Wayne A",10,6
"Beatty J",0.014,"Beatty J",38,26
"French S",0.0,"French S",4,9
"Piotrowska M",0.0,"Piotrowska M",1,82
"Hanson Pp",0.0,"Hanson Pp",1,16
"Polger Tw",0.0,"Polger Tw",2,11
"Leplin J",0.001,"Leplin J",5,16
"Stemmer N",0.0,"Stemmer N",1,4
"Kaplan M",0.0,"Kaplan M",2,9
"Walsh Dm",0.003,"Walsh Dm",29,26
"Hausman Dm",0.0,"Hausman Dm",3,0
"Leblanc H",0.0,"Leblanc H",1,124
"Shanks N",0.0,"Shanks N",2,11
"Glymour B",0.0,"Glymour B",11,26
"Zytkow Jm",0.0,"Zytkow Jm",6,14
"Ishida Y",0.0,"Ishida Y",1,26
"Byerly Hc",0.006,"Byerly Hc",4,4
"Laudan R",0.0,"Laudan R",3,16
"Miller Rw",0.0,"Miller Rw",1,8
"Bohnert Hg",0.0,"Bohnert Hg",2,21
"Stan M",0.0,"Stan M",1,126
"Woody Ai",0.002,"Woody Ai",2,26
"Psillos S",0.001,"Psillos S",11,16
"Love Ac",0.0,"Love Ac",2,0
"Lenhard J",0.0,"Lenhard J",4,3
"Hofer-Szabo G",0.0,"Hofer-Szabo G",1,8
"Sherry Dm",0.0,"Sherry Dm",1,127
"Wicken Js",0.0,"Wicken Js",2,8
"Hacking I",0.006,"Hacking I",14,6
"Horgan T",0.0,"Horgan T",2,17
"Mccauley Rn",0.0,"Mccauley Rn",3,11
"Cowan Ta",0.0,"Cowan Ta",2,16
"Siegel H",0.018,"Siegel H",9,32
"Ayala Fj",0.001,"Ayala Fj",5,0
"Odenbaugh J",0.0,"Odenbaugh J",4,3
"Mitchell Sd",0.003,"Mitchell Sd",19,11
"Rose Le",0.0,"Rose Le",3,123
"Skyrms B",0.025,"Skyrms B",27,6
"Clatterbaugh Kc",0.0,"Clatterbaugh Kc",1,128
"Guleserit",0.0,"Guleserit",1,129
"Madden Eh",0.0,"Madden Eh",7,49
"Craver Cf",0.004,"Craver Cf",18,11
"Maudlin T",0.001,"Maudlin T",5,3
"Fetzer Jh",0.006,"Fetzer Jh",5,7
"Glennan S",0.007,"Glennan S",20,11
"Cartwright Rl",0.0,"Cartwright Rl",1,49
"Sharp Dh",0.002,"Sharp Dh",4,27
"Romanos Gd",0.0,"Romanos Gd",2,7
"Cohen L",0.004,"Cohen L",2,27
"Keuth H",0.002,"Keuth H",2,4
"Brandon R",0.001,"Brandon R",6,26
"Levinstein Ba",0.0,"Levinstein Ba",1,6
"Zaret D",0.0,"Zaret D",1,14
"Mura A",0.0,"Mura A",1,130
"Castagnino M",0.0,"Castagnino M",2,14
"Ackermann Rj",0.0,"Ackermann Rj",1,98
"Barker Sf",0.0,"Barker Sf",1,131
"Sargent P",0.0,"Sargent P",1,132
"Fitzgerald P",0.0,"Fitzgerald P",1,33
"Solomon M",0.005,"Solomon M",10,9
"Gemes K",0.0,"Gemes K",2,1
"Demopoulos W",0.002,"Demopoulos W",11,16
"Krikorian Yh",0.0,"Krikorian Yh",2,16
"Newman M",0.0,"Newman M",1,16
"Hausman D",0.0,"Hausman D",2,1
"Quay Pm",0.0,"Quay Pm",2,3
"Darlington J",0.0,"Darlington J",1,133
"Pitowsky I",0.0,"Pitowsky I",1,91
"Schaffnekf",0.0,"Schaffnekf",1,4
"Caplan Al",0.0,"Caplan Al",4,8
"Schlegel R",0.0,"Schlegel R",4,4
"Ross D",0.0,"Ross D",1,16
"Knuuttila T",0.0,"Knuuttila T",2,9
"Easwaran K",0.0,"Easwaran K",1,6
"Owens J",0.0,"Owens J",4,0
"Guala F",0.0,"Guala F",1,14
"Eberle R",0.01,"Eberle R",16,4
"Miyake T",0.0,"Miyake T",1,3
"Kim J",0.001,"Kim J",11,4
"Slowik E",0.0,"Slowik E",1,3
"Longino He",0.0,"Longino He",3,9
"Plutynski A",0.0,"Plutynski A",2,9
"Mayo Dg",0.021,"Mayo Dg",28,6
"Ackermann R",0.003,"Ackermann R",19,4
"Sismondo S",0.0,"Sismondo S",1,8
"Bell J",0.0,"Bell J",1,135
"Gelfert A",0.0,"Gelfert A",1,3
"Matthen M",0.001,"Matthen M",6,26
"D'Arms J",0.0,"D'Arms J",5,6
"Franklin A",0.0,"Franklin A",2,9
"Churchland Pm",0.0,"Churchland Pm",7,45
"Baigrie Bs",0.0,"Baigrie Bs",1,32
"Webb J",0.0,"Webb J",1,136
"Rouse J",0.0,"Rouse J",1,96
"Mcallister Jw",0.001,"Mcallister Jw",6,3
"Kitts Db",0.0,"Kitts Db",7,8
"Stalnakerc",0.0,"Stalnakerc",5,124
"Barr Wf",0.004,"Barr Wf",3,4
"Reiser Ol",0.0,"Reiser Ol",1,137
"Eagle Mn",0.0,"Eagle Mn",1,138
"Bourgeois W",0.0,"Bourgeois W",1,16
"Wray Kb",0.002,"Wray Kb",4,9
"Ereshefsky M",0.001,"Ereshefsky M",22,8
"Vickers Jm",0.0,"Vickers Jm",1,139
"Nickles T",0.008,"Nickles T",5,1
"Sprenger J",0.001,"Sprenger J",3,6
"Goldstein Lj",0.0,"Goldstein Lj",1,140
"Oaklander Ln",0.0,"Oaklander Ln",1,141
"Halvorson H",0.003,"Halvorson H",11,14
"Erlichsoh",0.0,"Erlichsoh",1,14
"Rozeboom Ww",0.0,"Rozeboom Ww",12,14
"Krantz Dh",0.0,"Krantz Dh",2,142
"Elsamahi M",0.0,"Elsamahi M",1,16
"Catton P",0.0,"Catton P",1,64
"Howson C",0.003,"Howson C",6,6
"Marras A",0.0,"Marras A",1,143
"Winnie Ja",0.003,"Winnie Ja",22,7
"Clendinnfj",0.0,"Clendinnfj",2,7
"Rosenkrard",0.0,"Rosenkrard",1,144
"Gopnik A",0.0,"Gopnik A",3,9
"Gebharter A",0.0,"Gebharter A",1,145
"Osherson Dn",0.0,"Osherson Dn",1,57
"Kaplan Jm",0.0,"Kaplan Jm",1,8
"Adams Ew",0.0,"Adams Ew",1,146
"Pap A",0.0,"Pap A",1,147
"Godfreysmith P",0.0,"Godfreysmith P",4,8
"Heelan P",0.0,"Heelan P",1,148
"Stich Sp",0.002,"Stich Sp",8,11
"Carnap R",0.0,"Carnap R",1,3
"Hanna Jf",0.009,"Hanna Jf",3,32
"Pfeifer J",0.0,"Pfeifer J",1,26
"Uchii S",0.0,"Uchii S",2,8
"Jablonka E",0.0,"Jablonka E",3,0
"Choi Sh",0.0,"Choi Sh",1,7
"Gellner E",0.0,"Gellner E",7,13
"Norton Jd",0.014,"Norton Jd",21,3
"Cornman Jw",0.0,"Cornman Jw",3,149
"Sobel Jh",0.0,"Sobel Jh",3,6
"Rosenberg A",0.021,"Rosenberg A",24,26
"Hesslow G",0.005,"Hesslow G",12,1
"Khalidi Ma",0.0,"Khalidi Ma",1,8
"Loewer B",0.0,"Loewer B",1,150
"Menzies P",0.0,"Menzies P",1,7
"Barrett Ja",0.001,"Barrett Ja",8,6
"Waters Ck",0.025,"Waters Ck",28,8
"Walton D",0.0,"Walton D",1,8
"Nanay B",0.0,"Nanay B",3,0
"Monton B",0.0,"Monton B",1,14
"Mayo O",0.0,"Mayo O",1,3
"Riepe D",0.0,"Riepe D",2,46
"Steel D",0.001,"Steel D",5,9
"Park Jl",0.0,"Park Jl",3,27
"Horan Bl",0.004,"Horan Bl",10,26
"Armendt B",0.0,"Armendt B",5,6
"Cortes A",0.0,"Cortes A",4,37
"Massey Gj",0.0,"Massey Gj",1,152
"Sterelny K",0.002,"Sterelny K",10,0
"Machamer Pk",0.0,"Machamer Pk",2,149
"Meiland Jw",0.0,"Meiland Jw",1,32
"Hendry He",0.0,"Hendry He",1,2
"Maxwell N",0.006,"Maxwell N",18,7
"Filler J",0.0,"Filler J",1,26
"Craver Ce",0.001,"Craver Ce",2,11
"Gandenberger Gs",0.0,"Gandenberger Gs",1,153
"Steinberd",0.0,"Steinberd",1,1
"Laymon R",0.006,"Laymon R",7,14
"Shrader-Frechette K",0.0,"Shrader-Frechette K",1,9
"Nowak L",0.0,"Nowak L",1,8
"Kockelmajj",0.0,"Kockelmajj",1,154
"Dale Ai",0.0,"Dale Ai",2,123
"Fisch M",0.001,"Fisch M",2,1
"Putnam H",0.0,"Putnam H",4,27
"Macklin R",0.0,"Macklin R",1,155
"Munson R",0.003,"Munson R",8,0
"Margolis J",0.002,"Margolis J",3,32
"Pincock C",0.0,"Pincock C",3,9
"Saidel E",0.0,"Saidel E",2,0
"Smith Jm",0.001,"Smith Jm",10,0
"Suarez M",0.001,"Suarez M",4,9
"Sintonen M",0.001,"Sintonen M",2,8
"Sayre Km",0.004,"Sayre Km",4,7
"Morgan Cg",0.0,"Morgan Cg",8,4
"Hunt Ie",0.0,"Hunt Ie",2,156
"Gillies D",0.002,"Gillies D",6,6
"Leuridan B",0.0,"Leuridan B",1,11
"Clifton R",0.0,"Clifton R",1,157
"Ginsberg A",0.0,"Ginsberg A",1,37
"Leitgeb H",0.0,"Leitgeb H",8,6
"Dacosta Nca",0.001,"Dacosta Nca",7,14
"Horwich P",0.0,"Horwich P",4,9
"Mcmullin E",0.006,"Mcmullin E",4,16
"Thompson P",0.0,"Thompson P",2,9
"Hanson Nr",0.0,"Hanson Nr",2,32
"Jeffrey Rc",0.003,"Jeffrey Rc",7,9
"Kary Ce",0.0,"Kary Ce",1,11
"Krips Hp",0.0,"Krips Hp",3,27
"Bain J",0.0,"Bain J",1,48
"Ringen Jd",0.0,"Ringen Jd",3,0
"Churchman Cw",0.0,"Churchman Cw",2,9
"Abrams M",0.0,"Abrams M",2,26
"Keeley Bl",0.0,"Keeley Bl",3,11
"Shames Ml",0.0,"Shames Ml",1,158
"Bradie M",0.0,"Bradie M",1,159
"Delgado Rr",0.0,"Delgado Rr",1,151
"Liu C",0.003,"Liu C",9,3
"Millikan Rg",0.008,"Millikan Rg",10,0
"Kimbrough So",0.0,"Kimbrough So",1,11
"Chang Hs",0.0,"Chang Hs",6,16
"Weisberg M",0.012,"Weisberg M",21,3
"Earman J",0.014,"Earman J",26,14
"Chakravartty A",0.0,"Chakravartty A",4,16
"Ruse Me",0.0,"Ruse Me",6,0
"Grunberg E",0.0,"Grunberg E",1,160
"Corcoran J",0.0,"Corcoran J",1,11
"Heffernan Jd",0.0,"Heffernan Jd",1,53
"Field H",0.003,"Field H",9,6
"Dorato M",0.0,"Dorato M",1,7
"Woodward J",0.018,"Woodward J",26,11
"Hatfield G",0.0,"Hatfield G",1,11
"Friedman Ks",0.0,"Friedman Ks",4,3
"Hendry Rf",0.002,"Hendry Rf",5,8
"Joyce Jm",0.004,"Joyce Jm",13,6
"Libet B",0.0,"Libet B",2,19
"Collier J",0.0,"Collier J",4,1
"Bechtel W",0.007,"Bechtel W",23,11
"Casullo A",0.0,"Casullo A",1,161
"Fales E",0.0,"Fales E",2,162
"Devitt M",0.0,"Devitt M",4,8
"Shapiro S",0.0,"Shapiro S",1,163
"Herburt Gk",0.0,"Herburt Gk",2,164
"Kelly Kt",0.001,"Kelly Kt",5,9
"Travis Jl",0.0,"Travis Jl",1,165
"Feyerabepk",0.0,"Feyerabepk",1,7
"Margenau H",0.021,"Margenau H",24,27
"Winsberg E",0.001,"Winsberg E",11,3
"Manders Kl",0.0,"Manders Kl",2,64
"Stein H",0.003,"Stein H",8,7
"Morrison M",0.001,"Morrison M",5,3
"Marinoff L",0.0,"Marinoff L",1,166
"Vallentyne P",0.0,"Vallentyne P",1,8
"Albert Dz",0.0,"Albert Dz",1,59
"Magnus Pd",0.005,"Magnus Pd",5,9
"Ellis B",0.003,"Ellis B",15,7
"Grunbaum A",0.021,"Grunbaum A",25,7
"Lennox Jg",0.0,"Lennox Jg",1,1
"Hooker Ca",0.0,"Hooker Ca",8,109
"Shrader D",0.0,"Shrader D",1,7
"Cleland Ce",0.0,"Cleland Ce",1,8
"Scerri Er",0.0,"Scerri Er",1,34
"Kaplan Dm",0.001,"Kaplan Dm",4,11
"Moon P",0.0,"Moon P",1,167
"Noren Sj",0.0,"Noren Sj",2,168
"Omer Ia",0.0,"Omer Ia",6,4
"Kukla A",0.0,"Kukla A",4,16
"Sicha Jf",0.0,"Sicha Jf",1,169
"Velasco Jd",0.0,"Velasco Jd",1,8
"Lewis P",0.0,"Lewis P",1,170
"Forster Mr",0.003,"Forster Mr",5,16
"Stone Ad",0.001,"Stone Ad",3,14
"Christensen D",0.0,"Christensen D",11,14
"Tuana N",0.0,"Tuana N",1,171
"Cordero A",0.004,"Cordero A",4,16
"Brodbeck M",0.008,"Brodbeck M",6,32
"Brossel P",0.0,"Brossel P",1,6
"Robinson Jd",0.0,"Robinson Jd",2,11
"Churchland Ps",0.0,"Churchland Ps",4,19
"Bird A",0.0,"Bird A",1,4
"Roush S",0.0,"Roush S",1,172
"Hellman G",0.009,"Hellman G",9,6
"Friedman M",0.0,"Friedman M",1,173
"Goodwin W",0.0,"Goodwin W",2,1
"Mills Sk",0.004,"Mills Sk",23,26
"Fine A",0.0,"Fine A",3,9
"Quillian Mr",0.0,"Quillian Mr",1,174
"Boorse C",0.002,"Boorse C",8,0
"Narlikar Jv",0.0,"Narlikar Jv",1,7
"Jones R",0.0,"Jones R",3,96
"Wilkinson J",0.0,"Wilkinson J",1,175
"Currie G",0.0,"Currie G",2,162
"Rolin K",0.0,"Rolin K",1,7
"Schlagel Rh",0.0,"Schlagel Rh",1,14
"Brigandt I",0.0,"Brigandt I",2,0
